"Precinct Name",Vote Method,"Public Count -
Total","Registration - 
Total",Turnout,Ward,Cong,"St.
Sen","St.
Rep","
Council","PRESIDENT AND VICE-PRESIDENT OF THE UNITED STATES -
KAMALA D HARRIS & TIM WALZ DEM","PRESIDENT AND VICE-PRESIDENT OF THE UNITED STATES -
DONALD J TRUMP & JD VANCE REP","PRESIDENT AND VICE-PRESIDENT OF THE UNITED STATES -
CHASE OLIVER & MIKE TER MAAT LIB","PRESIDENT AND VICE-PRESIDENT OF THE UNITED STATES -
JILL STEIN & RUDOLPH WARE GRN","PRESIDENT AND VICE-PRESIDENT OF THE UNITED STATES -
Write-in","UNITED STATES SENATOR -
ROBERT P CASEY JR DEM","UNITED STATES SENATOR -
DAVE MCCORMICK REP","UNITED STATES SENATOR -
JOHN C THOMAS LIB","UNITED STATES SENATOR -
LEILA HAZOU GRN","UNITED STATES SENATOR -
MARTY SELKER CST","UNITED STATES SENATOR -
Write-in","ATTORNEY GENERAL -
EUGENE DEPASQUALE DEM","ATTORNEY GENERAL -
DAVE SUNDAY REP","ATTORNEY GENERAL -
ROBERT COWBURN LIB","ATTORNEY GENERAL -
RICHARD L WEISS GRN","ATTORNEY GENERAL -
JUSTIN L MAGILL CST","ATTORNEY GENERAL -
ERIC L SETTLE FWD","ATTORNEY GENERAL -
Write-in","AUDITOR GENERAL -
MALCOLM KENYATTA DEM","AUDITOR GENERAL -
TIM DEFOOR REP","AUDITOR GENERAL -
REECE SMITH LIB","AUDITOR GENERAL -
ERIC K ANTON ASP","AUDITOR GENERAL -
BOB GOODRICH CST","AUDITOR GENERAL -
Write-in","STATE TREASURER -
ERIN MCCLELLAND DEM","STATE TREASURER -
STACY GARRITY REP","STATE TREASURER -
NICKOLAS CIESIELSKI LIB","STATE TREASURER -
TROY BOWMAN CST","STATE TREASURER -
CHRIS FOSTER FWD","STATE TREASURER -
Write-in","REPRESENTATIVE IN CONGRESS
2ND DISTRICT -
BRENDAN F BOYLE DEM","REPRESENTATIVE IN CONGRESS
2ND DISTRICT -
AARON BASHIR REP","REPRESENTATIVE IN CONGRESS
2ND DISTRICT -
Write-in","REPRESENTATIVE IN CONGRESS
3RD DISTRICT -
DWIGHT EVANS DEM","REPRESENTATIVE IN CONGRESS
3RD DISTRICT -
Write-in","REPRESENTATIVE IN CONGRESS
5TH DISTRICT -
MARY GAY SCANLON DEM","REPRESENTATIVE IN CONGRESS
5TH DISTRICT -
ALFEIA GOODWIN REP","REPRESENTATIVE IN CONGRESS
5TH DISTRICT -
Write-in","SENATOR IN THE GENERAL ASSEMBLY
1ST DISTRICT -
NIKIL SAVAL DEM","SENATOR IN THE GENERAL ASSEMBLY
1ST DISTRICT -
Write-in","SENATOR IN THE GENERAL ASSEMBLY
3RD DISTRICT -
SHARIF STREET DEM","SENATOR IN THE GENERAL ASSEMBLY
3RD DISTRICT -
Write-in","SENATOR IN THE GENERAL ASSEMBLY
